Sample_Index,SMILES_1,SMILES_2,Tg_Current_Predicted,Tg_Loaded_Predicted,Tg_Difference,Tg_Absolute_Difference,Er_Current_Predicted,Er_Loaded_Predicted,Er_Difference,Er_Absolute_Difference,Tg_Actual,Er_Actual
0,C1OC1COC3COC4C(OC2CO2)COC34,CCC(COCC(C)OCC(C)N)(COCC(C)OCC(C)N)COCC(C)OCC(C)N,53.39473636448591,53.39473636448591,0.0,0.0,30.347113000847983,30.347113000847983,0.0,0.0,65.68766784667969,41.8458137512207
1,C1OC1COC3COC4C(OC2CO2)COC34,NCCCOCCOCCCN,38.04244101045051,38.04244101045051,0.0,0.0,20.51506583589192,20.51506583589192,0.0,0.0,30.93610191345215,10.971747398376465
2,C1OC1COC3COC4C(OC2CO2)COC34,NCCNCCN,77.37427032292233,77.37427032292233,0.0,0.0,36.27602763938748,36.27602763938748,0.0,0.0,84.96856689453125,141.54331970214844
3,C1OC1COC3COC4C(OC2CO2)COC34,Nc2ccc(Cc1ccc(N)cc1)cc2,86.19457636040755,86.19457636040755,0.0,0.0,27.299904487105472,27.299904487105472,0.0,0.0,90.12389373779297,14.007745742797852
4,C1OC1COC3COC4C(OC2CO2)COC34,Nc2cccc(S(=O)(=O)c1cccc(N)c1)c2,76.72063970972621,76.72063970972621,0.0,0.0,39.977816430981456,39.977816430981456,0.0,0.0,121.66110229492188,66.78369903564453
5,C=C(C)C(=C)OCOCCOC(=O)C(=C)C,C=C(C)C(=O)OCC(O)COc2ccc(C(C)(C)c1ccc(OCC(O)COC(=O)C(=C)C)cc1)cc2,64.53726414106904,64.53726414106904,0.0,0.0,29.219915026356578,29.219915026356578,0.0,0.0,55.113922119140625,63.90674591064453
6,C=C(C)C(=C)OCOCCOC(=O)C(=C)C,C=C(C)C(=O)OCCOCCOCCOCCOCCOC(=O)C(C)=O,95.44472759495503,95.44472759495503,0.0,0.0,18.348128694158678,18.348128694158678,0.0,0.0,99.38922119140625,20.552417755126953
7,C=C(C)C(=C)OCOCCOC(=O)C(=C)C,C=C(C)C(=O)OCCOCCOCCOCCOCCOCCOCCOCCOCCOCCOCCOCCOCCOCCOCCOCCOCCOC(=O)C(=C)C,180.82980272991563,180.82980272991563,0.0,0.0,28.62207243260612,28.62207243260612,0.0,0.0,181.40765380859375,30.015045166015625
8,C=C(C)C(=C)OCOCCOC(=O)C(=C)C,C=CCOC(CC)(CO)CO,38.76695164080475,38.76695164080475,0.0,0.0,7.91665982368659,7.91665982368659,0.0,0.0,24.05408477783203,5.503209114074707
9,C=C(C)C(=C)OCOCCOC(=O)C(=C)C,C=CCc1ccccc1OCC(O)COC(=O)CCCCC(=O)OCC(O)COc2ccccc2CC=C,59.40149261319253,59.40149261319253,0.0,0.0,23.422436737580817,23.422436737580817,0.0,0.0,57.95133972167969,23.73795509338379
10,C=C(C)C(=C)OCOCCOC(=O)C(=C)C,C=Cc1cccc(C=C)c1,54.6449511083392,54.6449511083392,0.0,0.0,4.619332219062696,4.619332219062696,0.0,0.0,45.04788589477539,3.384944200515747
11,C=C(C)C(=C)OCOCCOC(=O)C(=C)C,CCC(COC(=O)CCS)(COC(=O)CCS)COC(=O)CCS,58.49122373334414,58.49122373334414,0.0,0.0,19.197811777336852,19.197811777336852,0.0,0.0,50.83452606201172,39.40508270263672
12,C=C(C)C(=C)OCOCCOC(=O)C(=C)C,O=c1ccc(=O)n1c4ccc(Cc3ccc(n2c(=O)ccc2=O)cc3)cc4,185.3224962416485,185.3224962416485,0.0,0.0,29.504358480681418,29.504358480681418,0.0,0.0,159.5799102783203,38.028865814208984
13,C=C(C)C(=O)OC,C=COC(=O)CCCCCC(C)(C)C,94.10158226155929,94.10158226155929,0.0,0.0,7.014549069309654,7.014549069309654,0.0,0.0,117.2564697265625,10.860960006713867
14,C=C(C)C(=O)OC,CCC(COC(=O)CCS)(COC(=O)CCS)COC(=O)CCS,72.74100164847222,72.74100164847222,0.0,0.0,21.785267685636224,21.785267685636224,0.0,0.0,90.49822235107422,38.08709716796875
15,C=C(C)C(=O)OC,CCCC(=O)OCC(CC)(COC(=O)CCS)COC(=O)CCS,86.07179946588539,86.07179946588539,0.0,0.0,17.560300926682153,17.560300926682153,0.0,0.0,101.01521301269531,46.27318572998047
16,C=C(C)C(=O)OCC(O)COc2ccc(C(C)(C)c1ccc(OCC(O)COC(=O)C(=C)C)cc1)cc2,C=C(C)C(=O)OCCOCCOCCOCCOCCOCCOCCOCCOC(=O)C(C)=O,124.97464689000851,124.97464689000851,0.0,0.0,25.308245807974984,25.308245807974984,0.0,0.0,124.82341003417969,24.398181915283203
17,C=C(C)C(=O)OCC(O)COc2ccc(C(C)(C)c1ccc(OCC(O)COC(=O)C(=C)C)cc1)cc2,C=CC(=O)OCCCC,49.80590695874264,49.80590695874264,0.0,0.0,24.780696841675294,24.780696841675294,0.0,0.0,65.95897674560547,36.072044372558594
18,C=C(C)C(=O)OCC(O)COc2ccc(C(C)(C)c1ccc(OCC(O)COC(=O)C(=C)C)cc1)cc2,CCC(COC(=O)CCS)(COC(=O)CCS)COC(=O)CCS,57.221309818221286,57.221309818221286,0.0,0.0,30.10365583329948,30.10365583329948,0.0,0.0,85.03976440429688,60.092002868652344
19,C=C(C)C(=O)OCCCC,C=C(C)C(=O)OCCOCCOCCOC(=O)C(=C)C,47.03408067343288,47.03408067343288,0.0,0.0,11.533370734562194,11.533370734562194,0.0,0.0,35.74165344238281,16.264209747314453
20,C=C(C)C(=O)OCCCC,C=C(CCS)OCCn1c(=O)n(CCOC(=O)CCS)c(=O)n(CCOC(=O)CCS)c1=O,111.40900547746106,111.40900547746106,0.0,0.0,130.91875861729685,130.91875861729685,0.0,0.0,109.31816101074219,138.5939178466797
21,C=C(C)C(=O)OCCCC,C=CCOCC(COCC=C)(COCC=C)COC(=O)NCC1(C)CC(NC(=O)OCC(COCC=C)(COCC=C)COCC=C)CC(C)(C)C1,54.86125786384425,54.86125786384425,0.0,0.0,19.31271433619675,19.31271433619675,0.0,0.0,56.66944885253906,18.19098663330078
22,C=C(C)C(=O)OCCCC,C=CCc1ccccc1OCC(O)COC(=O)CCCCC(=O)OCC(O)COc2ccccc2CC=C,61.1604493103894,61.1604493103894,0.0,0.0,31.341018541268852,31.341018541268852,0.0,0.0,58.493614196777344,24.704181671142578
23,C=C(C)C(=O)OCCCC,C=COC(=O)CCCCCC(C)(C)C,105.42133648341516,105.42133648341516,0.0,0.0,6.252292286916966,6.252292286916966,0.0,0.0,98.42822265625,4.0885910987854
24,C=C(C)C(=O)OCCOCCOCCOC(=O)C(=C)C,C=C(CCS)OCCn1c(=O)n(CCOC(=O)CCS)c(=O)n(CCOC(=O)CCS)c1=O,114.49454993798093,114.49454993798093,0.0,0.0,153.80878163520165,153.80878163520165,0.0,0.0,79.53530883789062,112.1138916015625
25,C=C(C)C(=O)OCCOCCOCCOC(=O)C(=C)C,C=Cc1cccc(C=C)c1,62.86639373387347,62.86639373387347,0.0,0.0,12.713643844402638,12.713643844402638,0.0,0.0,31.942514419555664,4.695501327514648
26,C=C(C)C(=O)OCCOCCOCCOCCOCCOC(=O)C(C)=O,CCC(COC(=O)CCS)(COC(=O)CCS)COC(=O)CCS,41.483270429149485,41.483270429149485,0.0,0.0,17.994937472771007,17.994937472771007,0.0,0.0,24.929698944091797,15.053849220275879
27,C=C(C)C(=O)OCCOCCOCCOCCOCCOCCOCCOCCOC(=O)C(=C)C,C=C(C)C(=O)OCCOCCOCCOCCOCCOC(=O)C(C)=O,104.73274386224445,104.73274386224445,0.0,0.0,22.084227450252506,22.084227450252506,0.0,0.0,151.18930053710938,25.346271514892578
28,C=C(C)C(=O)OCCOCCOCCOCCOCCOCCOCCOCCOC(=O)C(=C)C,C=C(C)C(=O)OCCOCCOCCOCCOCCOCCOCCOCCOCCOCCOCCOCCOCCOCCOCCOCCOCCOC(=O)C(C)=O,198.58433045461803,198.58433045461803,0.0,0.0,30.96915742945382,30.96915742945382,0.0,0.0,188.09991455078125,32.417724609375
29,C=C(C)C(=O)OCCOCCOCCOCCOCCOCCOCCOCCOC(=O)C(=C)C,C=C(CCS)OCCn1c(=O)n(CCOC(=O)CCS)c(=O)n(CCOC(=O)CCS)c1=O,71.07925525848273,71.07925525848273,0.0,0.0,75.4247456925764,75.4247456925764,0.0,0.0,75.24072265625,80.22562408447266
30,C=C(C)C(=O)OCCOCCOCCOCCOCCOCCOCCOCCOC(=O)C(=C)C,C=CC(=O)OCCn1c(=O)n(CCOC(=O)C=C)c(=O)n(CCOC(=O)C=C)c1=O,208.70395026776998,208.70395026776998,0.0,0.0,154.48919860538803,154.48919860538803,0.0,0.0,218.95127868652344,230.72760009765625
31,C=C(C)C(=O)OCCOCCOCCOCCOCCOCCOCCOCCOC(=O)C(=C)C,C=CCOCC(COCC=C)(COCC=C)COC(=O)NCC1(C)CC(NC(=O)OCC(COCC=C)(COCC=C)COCC=C)CC(C)(C)C1,61.561458557639284,61.561458557639284,0.0,0.0,19.06254833887969,19.06254833887969,0.0,0.0,65.28109741210938,20.110416412353516
32,C=C(C)C(=O)OCCOCCOCCOCCOCCOCCOCCOCCOC(=O)C(=C)C,C=CCc1ccccc1OCC(O)COC(=O)Cc3ccc(C(=O)OCC(O)COc2ccccc2CC=C)cc3,82.90985095433108,82.90985095433108,0.0,0.0,31.747685173615686,31.747685173615686,0.0,0.0,83.5419921875,30.477588653564453
33,C=C(C)C(=O)OCCOCCOCCOCCOCCOCCOCCOCCOC(=O)C(=C)C,CC(=O)OCCOCCOCCOCCOCCOCCOCCOCCOCCOCCOC(=O)C(C)=O,154.578022282761,154.578022282761,0.0,0.0,28.80503869822821,28.80503869822821,0.0,0.0,157.15359497070312,29.38612174987793
34,C=C(C)C(=O)OCCOCCOCCOCCOCCOCCOCCOCCOC(=O)C(C)=O,O=c1ccc(=O)n1c4ccc(Cc3ccc(n2c(=O)ccc2=O)cc3)cc4,206.14460155149317,206.14460155149317,0.0,0.0,42.24240122240339,42.24240122240339,0.0,0.0,207.82151794433594,41.23297119140625
35,C=C(C)C(=O)OCCOCCOCCOCCOCCOCCOCCOCCOCCOCCOCCOCCOC(=O)C(=C)C,O=c1ccc(=O)n1c4ccc(Cc3ccc(n2c(=O)ccc2=O)cc3)cc4,193.53870753562148,193.53870753562148,0.0,0.0,35.268333306448426,35.268333306448426,0.0,0.0,197.38026428222656,38.32405471801758
36,C=C(C)C(=O)OCCOCCOCCOCCOCCOCCOCCOCCOCCOCCOCCOCCOCCOCCOCCOCCOCCOC(=O)C(=C)C,C=C(C)C(=O)OCCOCCOCCOC(=O)C(=C)C,119.34189687065269,119.34189687065269,0.0,0.0,25.78170750759906,25.78170750759906,0.0,0.0,114.11123657226562,24.281612396240234
37,C=C(C)C(=O)OCCOCCOCCOCCOCCOCCOCCOCCOCCOCCOCCOCCOCCOCCOCCOCCOCCOC(=O)C(=C)C,C=C(C)C(=O)OCCOCCOCCOCCOCCOCCOCCOCCOCCOCCOCCOCCOCCOCCOCCOCCOCCOCCOCCOCCOC(=O)C(=C)C,275.3836248676356,275.3836248676356,0.0,0.0,38.13482018240823,38.13482018240823,0.0,0.0,260.31402587890625,35.809303283691406
38,C=C(C)C(=O)OCCOCCOCCOCCOCCOCCOCCOCCOCCOCCOCCOCCOCCOCCOCCOCCOCCOC(=O)C(=C)C,C=CC(=O)OC(C)(C)C,73.84316759545924,73.84316759545924,0.0,0.0,20.40977006119032,20.40977006119032,0.0,0.0,68.3004150390625,18.0765380859375
39,C=C(C)C(=O)OCCOCCOCCOCCOCCOCCOCCOCCOCCOCCOCCOCCOCCOCCOCCOCCOCCOC(=O)C(=C)C,C=CC(=O)OCCCC,73.34952521345457,73.34952521345457,0.0,0.0,17.41467118592403,17.41467118592403,0.0,0.0,75.68717956542969,18.02569580078125
40,C=C(C)C(=O)OCCOCCOCCOCCOCCOCCOCCOCCOCCOCCOCCOCCOCCOCCOCCOCCOCCOC(=O)C(=C)C,C=CCn1c(=O)n(CC=C)c(=O)n(CC=C)c1=O,64.82785212809623,64.82785212809623,0.0,0.0,19.958182732444833,19.958182732444833,0.0,0.0,64.87979125976562,17.396160125732422
41,C=C(C)C(=O)OCCOCCOCCOCCOCCOCCOCCOCCOCCOCCOCCOCCOCCOCCOCCOCCOCCOC(=O)C(=C)C,O=c1ccc(=O)n1c4ccc(Cc3ccc(n2c(=O)ccc2=O)cc3)cc4,198.5183734183434,198.5183734183434,0.0,0.0,36.635079475790704,36.635079475790704,0.0,0.0,195.5802001953125,35.94602966308594
42,C=C(C)C(=O)OCCOCCOCCOCCOCCOCCOCCOCCOCCOCCOCCOCCOCCOCCOCCOCCOCCOC(=O)C(=C)C,O=c1n(CCS)c(=O)n(CCS)c(=O)n1CCS,154.5357246888277,154.5357246888277,0.0,0.0,65.08090133130351,65.08090133130351,0.0,0.0,151.05470275878906,65.32765197753906
43,C=C(C)C(=O)OCCOCCOCCOCCOCCOCCOCCOCCOCCOCCOCCOCCOCCOCCOCCOCCOCCOC(=O)C(C)=O,C=C(C)C(=O)OCCOCCOCCOCCOCCOCCOCCOCCOCCOC(=O)C(=C)C,148.82931159985029,148.82931159985029,0.0,0.0,28.257347221432035,28.257347221432035,0.0,0.0,148.85299682617188,30.160564422607422
44,C=C(C)C(=O)OCCOCCOCCOCCOCCOCCOCCOCCOCCOCCOCCOCCOCCOCCOCCOCCOCCOC(=O)C(C)=O,C=CC(=O)OC(C)(C)C,73.53660532498775,73.53660532498775,0.0,0.0,20.295171281377936,20.295171281377936,0.0,0.0,70.26802062988281,18.40334701538086
45,C=C(C)C(=O)OCCOCCOCCOCCOCCOCCOCCOCCOCCOCCOCCOCCOCCOCCOCCOCCOCCOC(=O)C(C)=O,C=CC(=O)OCCCC,76.86724882982513,76.86724882982513,0.0,0.0,17.239773912249927,17.239773912249927,0.0,0.0,76.79527282714844,18.395849227905273
46,C=C(C)C(=O)OCCOCCOCCOCCOCCOCCOCCOCCOCCOCCOCCOCCOCCOCCOCCOCCOCCOC(=O)C(C)=O,CC(=O)OCCOCCOCCOCCOCCOCCOCCOCCOCCOCCOC(=O)C(C)=O,153.12035298564678,153.12035298564678,0.0,0.0,30.714662780809864,30.714662780809864,0.0,0.0,156.7185821533203,31.86716079711914
47,C=C(C)C(=O)OCCOCCOCCOCCOCCOCCOCCOCCOCCOCCOCCOCCOCCOCCOCCOCCOCCOC(=O)C(C)=O,CCC(COC(=O)CCS)(COC(=O)CCS)COC(=O)CCS,82.69221213473178,82.69221213473178,0.0,0.0,21.408747396258686,21.408747396258686,0.0,0.0,84.2003402709961,20.583332061767578
48,C=C(C)C(=O)OCCOCCOCCOCCOCCOCCOCCOCCOCCOCCOCCOCCOCCOCCOCCOCCOCCOCCOCCOCCOC(=O)C(=C)C,C=C(C)C(=O)OCCOCCOCCOC(=O)C(=C)C,137.20570870025702,137.20570870025702,0.0,0.0,26.955746122100713,26.955746122100713,0.0,0.0,148.58932495117188,25.249113082885742
49,C=C(C)C(=O)OCCOCCOCCOCCOCCOCCOCCOCCOCCOCCOCCOCCOCCOCCOCCOCCOCCOCCOCCOCCOC(=O)C(=C)C,C=Cc1cccc(C=C)c1,107.52144128795398,107.52144128795398,0.0,0.0,21.662523460511526,21.662523460511526,0.0,0.0,81.93272399902344,18.026140213012695
50,C=C(C)C(=O)OCCOCCOCCOCCOCCOCCOCCOCCOCCOCCOCCOCCOCCOCCOCCOCCOCCOCCOCCOCCOC(=O)C(=C)C,CCCC(=O)OCC(CC)(COC(=O)CCS)COC(=O)CCS,96.34689421792156,96.34689421792156,0.0,0.0,21.172550040587122,21.172550040587122,0.0,0.0,107.66937255859375,22.55028533935547
51,C=C(CCS)OCC(COC(=O)CCS)(COC(=O)CCS)COC(=O)CCSC(=O)NCC1(C)CC(NC(=O)SCCC(=O)OCC(COC(=O)CCS)(COC(=O)CCS)COC(=O)CCS)CC(C)(C)C1,C=CCOCC(CO)(COCC=C)COCC=C,72.94871314602977,72.94871314602977,0.0,0.0,24.960495862012046,24.960495862012046,0.0,0.0,64.65473937988281,29.699661254882812
52,C=CC(=O)OC(C)(C)C,C=C(C)C(=O)OCCOCCOCCOCCOCCOCCOCCOCCOC(=O)C(C)=O,104.89322029887812,104.89322029887812,0.0,0.0,22.27584056713599,22.27584056713599,0.0,0.0,108.84677124023438,23.351720809936523
53,C=CC(=O)OC(C)(C)C,C=C(C)C(=O)OCCOCCOCCOCCOCCOCCOCCOCCOCCOCCOCCOCCOCCOCCOCCOCCOCCOCCOCCOCCOC(=O)C(=C)C,234.85389237355923,234.85389237355923,0.0,0.0,31.0425464349497,31.0425464349497,0.0,0.0,230.2725830078125,31.8494873046875
54,C=CC(=O)OC(C)(C)C,C=CC(=O)OCCn1c(=O)n(CCOC(=O)C=C)c(=O)n(CCOC(=O)C=C)c1=O,214.5655738206984,214.5655738206984,0.0,0.0,247.7947798817199,247.7947798817199,0.0,0.0,234.4534149169922,300.8273010253906
55,C=CC(=O)OC(C)(C)C,C=COC(=O)CCCCCC(C)(C)C,120.12213196507939,120.12213196507939,0.0,0.0,6.252304936432837,6.252304936432837,0.0,0.0,103.88140106201172,6.184779167175293
56,C=CC(=O)OC(C)(C)C,CC(=O)OCCOCCOCCOCCOCCOCCOCCOCCOCCOCCOC(=O)C(C)=O,126.51918516152975,126.51918516152975,0.0,0.0,24.726039309954867,24.726039309954867,0.0,0.0,129.4500732421875,25.954326629638672
57,C=CC(=O)OC(C)(C)C,CCCC(=O)OCC(CC)(COC(=O)CCS)COC(=O)CCS,36.92787585301418,36.92787585301418,0.0,0.0,20.06114821477554,20.06114821477554,0.0,0.0,31.941268920898438,15.41759967803955
58,C=CC(=O)OC(C)(C)C,O=c1ccc(=O)n1c4ccc(Cc3ccc(n2c(=O)ccc2=O)cc3)cc4,179.4583693967899,179.4583693967899,0.0,0.0,25.800477932767272,25.800477932767272,0.0,0.0,191.00332641601562,23.850858688354492
59,C=CC(=O)OCCCC,C=C(C)C(=O)OCCOCCOCCOCCOCCOCCOCCOCCOCCOCCOCCOCCOCCOCCOCCOCCOCCOCCOCCOCCOC(=O)C(=C)C,228.82178426939845,228.82178426939845,0.0,0.0,31.568945309637968,31.568945309637968,0.0,0.0,234.58349609375,31.916889190673828
60,C=CC(=O)OCCCC,C=CCOCC(CO)(COCC=C)COCC=C,43.88488835334518,43.88488835334518,0.0,0.0,4.816244582472548,4.816244582472548,0.0,0.0,21.546924591064453,6.824599742889404
61,C=CC(=O)OCCn1c(=O)n(CCOC(=O)C=C)c(=O)n(CCOC(=O)C=C)c1=O,C=C(C)C(=O)OCCOCCOCCOC(=O)C(=C)C,132.6887230325312,132.6887230325312,0.0,0.0,160.14874837460596,160.14874837460596,0.0,0.0,70.1446304321289,47.21361541748047
62,C=CC(=O)OCCn1c(=O)n(CCOC(=O)C=C)c(=O)n(CCOC(=O)C=C)c1=O,C=C(C)C(=O)OCCOCCOCCOCCOCCOCCOCCOCCOCCOC(=O)C(=C)C,115.34464017015756,115.34464017015756,0.0,0.0,25.83915349113931,25.83915349113931,0.0,0.0,98.55859375,23.625202178955078
63,C=CC(=O)OCCn1c(=O)n(CCOC(=O)C=C)c(=O)n(CCOC(=O)C=C)c1=O,C=C(C)C(=O)OCCOCCOCCOCCOCCOCCOCCOCCOCCOCCOCCOCCOCCOCCOCCOCCOCCOC(=O)C(=C)C,175.29491657892703,175.29491657892703,0.0,0.0,28.18672097707316,28.18672097707316,0.0,0.0,178.6792449951172,29.56493377685547
64,C=CC(=O)OCCn1c(=O)n(CCOC(=O)C=C)c(=O)n(CCOC(=O)C=C)c1=O,C=C(C)C(=O)OCCOCCOCCOCCOCCOCCOCCOCCOCCOCCOCCOCCOCCOCCOCCOCCOCCOCCOCCOCCOC(=O)C(=C)C,222.1338565525197,222.1338565525197,0.0,0.0,31.456806374657205,31.456806374657205,0.0,0.0,239.744873046875,32.20503234863281
65,C=CC(=O)OCCn1c(=O)n(CCOC(=O)C=C)c(=O)n(CCOC(=O)C=C)c1=O,C=CCc1ccccc1OCC(O)COC(=O)CCCCC(=O)OCC(O)COc2ccccc2CC=C,183.683369562764,183.683369562764,0.0,0.0,250.78950145583477,250.78950145583477,0.0,0.0,173.65994262695312,150.98257446289062
66,C=CC(=O)OCCn1c(=O)n(CCOC(=O)C=C)c(=O)n(CCOC(=O)C=C)c1=O,C=CCn1c(=O)n(CC=C)c(=O)n(CC=C)c1=O,159.98891753716984,159.98891753716984,0.0,0.0,104.36042765783489,104.36042765783489,0.0,0.0,164.8016357421875,132.83558654785156
67,C=CC(=O)OCCn1c(=O)n(CCOC(=O)C=C)c(=O)n(CCOC(=O)C=C)c1=O,CC(=O)OCCOCCOCCOCCOCCOCCOCCOCCOCCOCCOC(=O)C(C)=O,152.5715679135767,152.5715679135767,0.0,0.0,30.01477728173137,30.01477728173137,0.0,0.0,140.17138671875,26.04656410217285
68,C=CC(=O)OCCn1c(=O)n(CCOC(=O)C=C)c(=O)n(CCOC(=O)C=C)c1=O,CCC(COC(=O)CCS)(COC(=O)CCS)COC(=O)CCS,158.9558844835404,158.9558844835404,0.0,0.0,171.46658526872045,171.46658526872045,0.0,0.0,195.5374755859375,224.52249145507812
69,C=CCOC(CC)(CO)CO,C=C(C)C(=O)OCCOCCOCCOC(=O)C(=C)C,35.73644827019969,35.73644827019969,0.0,0.0,17.17547701541018,17.17547701541018,0.0,0.0,31.030187606811523,12.479052543640137
70,C=CCOC(CC)(CO)CO,C=CCOCC(COCC=C)(COCC=C)COC(=O)NCC1(C)CC(NC(=O)OCC(COCC=C)(COCC=C)COCC=C)CC(C)(C)C1,58.13255646758642,58.13255646758642,0.0,0.0,17.6934258956579,17.6934258956579,0.0,0.0,56.796302795410156,18.714632034301758
71,C=CCOC(CC)(CO)CO,C=CCc1ccccc1OCC(O)COC(=O)CCCCC(=O)OCC(O)COc2ccccc2CC=C,78.59720437021389,78.59720437021389,0.0,0.0,34.67291774552685,34.67291774552685,0.0,0.0,98.59819793701172,37.35255432128906
72,C=CCOC(CC)(CO)CO,O=c1n(CCS)c(=O)n(CCS)c(=O)n1CCS,225.3409951815812,225.3409951815812,0.0,0.0,41.09272747178607,41.09272747178607,0.0,0.0,217.17095947265625,44.28897476196289
73,C=CCOCC(CO)(COCC=C)COCC=C,C=C(C)C(=O)OCCOCCOCCOCCOCCOC(=O)C(C)=O,81.02517356186625,81.02517356186625,0.0,0.0,16.69086936841517,16.69086936841517,0.0,0.0,93.4506607055664,19.611309051513672
74,C=CCOCC(CO)(COCC=C)COCC=C,C=C(CCS)OCCn1c(=O)n(CCOC(=O)CCS)c(=O)n(CCOC(=O)CCS)c1=O,120.51873711412867,120.51873711412867,0.0,0.0,125.77149161135002,125.77149161135002,0.0,0.0,77.38995361328125,88.5450210571289
75,C=CCc1ccccc1OCC(O)COC(=O)CCCCC(=O)OCC(O)COc2ccccc2CC=C,C=C(C)C(=O)OCCOCCOCCOCCOCCOCCOCCOCCOCCOCCOCCOCCOCCOCCOCCOCCOCCOCCOCCOCCOC(=O)C(=C)C,232.9128757324004,232.9128757324004,0.0,0.0,32.48631055027696,32.48631055027696,0.0,0.0,229.51400756835938,33.00672912597656
76,C=CCc1ccccc1OCC(O)COC(=O)CCCCC(=O)OCC(O)COc2ccccc2CC=C,C=CCc1ccccc1OCC(O)COC(=O)Cc3ccc(C(=O)OCC(O)COc2ccccc2CC=C)cc3,111.57942521108009,111.57942521108009,0.0,0.0,57.65756564460228,57.65756564460228,0.0,0.0,123.59589385986328,45.486854553222656
77,C=CCc1ccccc1OCC(O)COC(=O)CCCCC(=O)OCC(O)COc2ccccc2CC=C,C=CCn1c(=O)n(CC=C)c(=O)n(CC=C)c1=O,120.86115541627576,120.86115541627576,0.0,0.0,42.04321910840145,42.04321910840145,0.0,0.0,145.0609130859375,69.89140319824219
78,C=CCc1ccccc1OCC(O)COC(=O)CCCCC(=O)OCC(O)COc2ccccc2CC=C,CCCC(=O)OCC(CC)(COC(=O)CCS)COC(=O)CCS,65.15936168525427,65.15936168525427,0.0,0.0,27.06883786771104,27.06883786771104,0.0,0.0,42.09416198730469,31.688465118408203
79,C=CCc1ccccc1OCC(O)COC(=O)CCCCC(=O)OCC(O)COc2ccccc2CC=C,O=c1n(CCS)c(=O)n(CCS)c(=O)n1CCS,115.36841764714941,115.36841764714941,0.0,0.0,33.33024991174099,33.33024991174099,0.0,0.0,77.03913116455078,27.588703155517578
80,C=CCc1ccccc1OCC(O)COC(=O)Cc3ccc(C(=O)OCC(O)COc2ccccc2CC=C)cc3,C=C(C)C(=O)OCCOCCOCCOCCOCCOCCOCCOCCOCCOCCOCCOCCOCCOCCOCCOCCOCCOCCOCCOCCOC(=O)C(=C)C,230.66692288225065,230.66692288225065,0.0,0.0,31.701270251132726,31.701270251132726,0.0,0.0,229.255126953125,32.68787384033203
81,C=CCc1ccccc1OCC(O)COC(=O)Cc3ccc(C(=O)OCC(O)COc2ccccc2CC=C)cc3,C=CC(=O)OCCCC,107.57525116094615,107.57525116094615,0.0,0.0,46.843697259971584,46.843697259971584,0.0,0.0,136.78646850585938,100.17212677001953
82,C=CCc1ccccc1OCC(O)COC(=O)Cc3ccc(C(=O)OCC(O)COc2ccccc2CC=C)cc3,C=CCOCC(CO)(COCC=C)COCC=C,79.91002830477154,79.91002830477154,0.0,0.0,28.172516747455777,28.172516747455777,0.0,0.0,82.030517578125,28.449750900268555
83,C=CCc4ccc(OCC1CO1)c(c2cc(CC=C)ccc2OCC3CO3)c4,CC(N)COCC(C)COCC(C)COCC(C)COCC(C)COCC(C)COCC(C)N,52.80366615314789,52.80366615314789,0.0,0.0,17.816451908738397,17.816451908738397,0.0,0.0,24.937477111816406,14.455644607543945
84,C=CCc4ccc(OCC1CO1)c(c2cc(CC=C)ccc2OCC3CO3)c4,CC(N)COCC(C)OCC(C)OCC(C)OCC(C)OCC(C)OCC(C)N,68.3881252763437,68.3881252763437,0.0,0.0,21.782062188304135,21.782062188304135,0.0,0.0,37.845401763916016,16.900493621826172
85,C=CCc4ccc(OCC1CO1)c(c2cc(CC=C)ccc2OCC3CO3)c4,CC1(C)CC(N)CC(C)(CN)C1,93.80908609064866,93.80908609064866,0.0,0.0,37.389923933106644,37.389923933106644,0.0,0.0,67.27481079101562,55.64392852783203
86,C=CCc4ccc(OCC1CO1)c(c2cc(CC=C)ccc2OCC3CO3)c4,CCCCCCCCCCN,61.231208578186205,61.231208578186205,0.0,0.0,12.896489883348869,12.896489883348869,0.0,0.0,58.55881118774414,13.024690628051758
87,C=CCc4ccc(OCC1CO1)c(c2cc(CC=C)ccc2OCC3CO3)c4,COCCOCCOCCOCCOCCOCCOCCOCCOCCOCCOCCOCCOCCOCCOCCOCCOCCOCCOCCOCCOCCOCCOCCOCCOCCOCCOCCOCCOCCOCCOCCOCCOCCOCC(C)OCC(C)OCC(C)OCC(C)OCC(C)OCC(C)OCC(C)OCC(C)OCC(C)OCC(C)N,301.3450974867916,301.3450974867916,0.0,0.0,90.27521590223924,90.27521590223924,0.0,0.0,299.7766418457031,90.6048583984375
88,C=CCn1c(=O)n(CC=C)c(=O)n(CC=C)c1=O,C=C(C)C(=O)OCCOCCOCCOC(=O)C(=C)C,65.81285716872794,65.81285716872794,0.0,0.0,18.465385611860462,18.465385611860462,0.0,0.0,40.29496383666992,14.648959159851074
89,C=CCn1c(=O)n(CC=C)c(=O)n(CC=C)c1=O,C=C(CCS)OCCn1c(=O)n(CCOC(=O)CCS)c(=O)n(CCOC(=O)CCS)c1=O,127.91310964729873,127.91310964729873,0.0,0.0,143.93075277276546,143.93075277276546,0.0,0.0,141.65191650390625,176.3482208251953
90,C=CCn1c(=O)n(CC=C)c(=O)n(CC=C)c1=O,C=CCOCC(CO)(COCC=C)COCC=C,62.98334956112158,62.98334956112158,0.0,0.0,15.840905194773125,15.840905194773125,0.0,0.0,36.90195846557617,12.029020309448242
91,C=CCn1c(=O)n(CC=C)c(=O)n(CC=C)c1=O,C=Cc1cccc(C=C)c1,112.34131001679584,112.34131001679584,0.0,0.0,9.058479875448882,9.058479875448882,0.0,0.0,114.76683044433594,4.942647933959961
92,C=CCn1c(=O)n(CC=C)c(=O)n(CC=C)c1=O,O=c1ccc(=O)n1c4ccc(Cc3ccc(n2c(=O)ccc2=O)cc3)cc4,175.5873044448618,175.5873044448618,0.0,0.0,27.04149897778387,27.04149897778387,0.0,0.0,192.61892700195312,24.376041412353516
93,C=COC(=O)CCCCCC(C)(C)C,O=c1ccc(=O)n1c4ccc(Cc3ccc(n2c(=O)ccc2=O)cc3)cc4,178.06029736844042,178.06029736844042,0.0,0.0,24.690602599529356,24.690602599529356,0.0,0.0,179.5328369140625,29.640592575073242
94,C=Cc1cccc(C=C)c1,C=C(CCS)OCCn1c(=O)n(CCOC(=O)CCS)c(=O)n(CCOC(=O)CCS)c1=O,145.7194520268351,145.7194520268351,0.0,0.0,122.95559072393392,122.95559072393392,0.0,0.0,141.07748413085938,133.5311279296875
95,C=Cc1cccc(C=C)c1,CCC(COC(=O)CCS)(COC(=O)CCS)COC(=O)CCS,96.09732403807094,96.09732403807094,0.0,0.0,46.06143901392073,46.06143901392073,0.0,0.0,84.36375427246094,53.69957733154297
96,C=Cc1cccc(C=C)c1,CCCC(=O)OCC(CC)(COC(=O)CCS)COC(=O)CCS,100.21090562260356,100.21090562260356,0.0,0.0,33.93165023867338,33.93165023867338,0.0,0.0,141.96856689453125,48.51540756225586
97,C=Cc1ccccc1,C=C(C)C(=O)OCCOCCOCCOCCOCCOCCOCCOCCOC(=O)C(C)=O,102.27954657838256,102.27954657838256,0.0,0.0,21.498408568712442,21.498408568712442,0.0,0.0,94.4808349609375,21.165668487548828
98,C=Cc1ccccc1,C=C(C)C(=O)OCCOCCOCCOCCOCCOCCOCCOCCOCCOC(=O)C(=C)C,92.69287514979413,92.69287514979413,0.0,0.0,21.361817940610678,21.361817940610678,0.0,0.0,83.30247497558594,21.69809341430664
99,C=Cc1ccccc1,C=CC(=O)OC(C)(C)C,82.68415759677656,82.68415759677656,0.0,0.0,4.102287920064817,4.102287920064817,0.0,0.0,27.145065307617188,7.364860534667969
100,C=Cc1ccccc1,C=CCOC(CC)(CO)CO,56.77146769568506,56.77146769568506,0.0,0.0,11.284409228294809,11.284409228294809,0.0,0.0,19.173690795898438,6.644647121429443
101,C=Cc1ccccc1,C=CCOCC(CO)(COCC=C)COCC=C,54.34217707887847,54.34217707887847,0.0,0.0,10.627515712432361,10.627515712432361,0.0,0.0,19.013107299804688,4.602649211883545
102,C=Cc1ccccc1,C=CCc1ccccc1OCC(O)COC(=O)Cc3ccc(C(=O)OCC(O)COc2ccccc2CC=C)cc3,139.4350548391419,139.4350548391419,0.0,0.0,74.74041786750018,74.74041786750018,0.0,0.0,129.98074340820312,65.78019714355469
103,CC(=O)OCCOCCOCCOCCOCCOCCOCCOCCOCCOCCOC(=O)C(C)=O,C=C(C)C(=O)OCCOCCOCCOCCOCCOC(=O)C(C)=O,131.72414241182332,131.72414241182332,0.0,0.0,26.078711763789837,26.078711763789837,0.0,0.0,129.07843017578125,25.46204376220703
104,CC(=O)OCCOCCOCCOCCOCCOCCOCCOCCOCCOCCOC(=O)C(C)=O,C=CCOCC(COCC=C)(COCC=C)COC(=O)NCC1(C)CC(NC(=O)OCC(COCC=C)(COCC=C)COCC=C)CC(C)(C)C1,77.36727965500347,77.36727965500347,0.0,0.0,18.305781292455936,18.305781292455936,0.0,0.0,68.543212890625,20.81744384765625
105,CC(=O)OCCOCCOCCOCCOCCOCCOCCOCCOCCOCCOC(=O)C(C)=O,C=Cc1cccc(C=C)c1,89.2662782827481,89.2662782827481,0.0,0.0,14.55255196446443,14.55255196446443,0.0,0.0,66.76737213134766,13.735260009765625
106,CC(=O)OCCOCCOCCOCCOCCOCCOCCOCCOCCOCCOC(=O)C(C)=O,CCCC(=O)OCC(CC)(COC(=O)CCS)COC(=O)CCS,59.6185714430215,59.6185714430215,0.0,0.0,16.737937050832976,16.737937050832976,0.0,0.0,72.47549438476562,17.958040237426758
107,CC(C)(C4CCC(OCC(O)COC3CCC(C(C)(C)C2CCC(OCC1CO1)CC2)CC3)CC4)C6CCC(OCC5CO5)CC6,CC(N)COCC(C)OCC(C)OCC(C)N,99.14638457120476,99.14638457120476,0.0,0.0,17.537245753349218,17.537245753349218,0.0,0.0,77.55133056640625,17.158493041992188
108,CC(C)(C4CCC(OCC(O)COC3CCC(C(C)(C)C2CCC(OCC1CO1)CC2)CC3)CC4)C6CCC(OCC5CO5)CC6,CC(N)COCC(C)OCC(C)OCC(C)OCC(C)OCC(C)OCC(C)N,87.77689644947138,87.77689644947138,0.0,0.0,19.322415754460163,19.322415754460163,0.0,0.0,65.65159606933594,18.080265045166016
109,CC(C)(C4CCC(OCC(O)COC3CCC(C(C)(C)C2CCC(OCC1CO1)CC2)CC3)CC4)C6CCC(OCC5CO5)CC6,CC(N)COCC(C)OCC(C)OCC(C)OCC(C)OCC(C)OCC(C)OCCOCCOCCOCCOCCOCCOCCOCCOCCOCCOCCOCCOCCOCCOCCOCCOCCOCCOCCOCCOCCOCCOCCOCCOCCOCCOCCOCCOCC(C)OCC(C)OCC(C)OCC(C)OCC(C)N,298.6582945139071,298.6582945139071,0.0,0.0,84.91689662393011,84.91689662393011,0.0,0.0,299.1881103515625,86.28560638427734
110,CC(C)(C4CCC(OCC(O)COC3CCC(C(C)(C)C2CCC(OCC1CO1)CC2)CC3)CC4)C6CCC(OCC5CO5)CC6,CCCCCCCCCN,99.28286257130468,99.28286257130468,0.0,0.0,31.270966502616503,31.270966502616503,0.0,0.0,103.42311096191406,26.937149047851562
111,CC(C)(C4CCC(OCC(O)COC3CCC(C(C)(C)C2CCC(OCC1CO1)CC2)CC3)CC4)C6CCC(OCC5CO5)CC6,CCc1cc(C)c(N)c(CC)c1N,76.56784511107509,76.56784511107509,0.0,0.0,27.069564765259642,27.069564765259642,0.0,0.0,32.87135314941406,20.260887145996094
112,CC(C)(C4CCC(OCC(O)COC3CCC(C(C)(C)C2CCC(OCC1CO1)CC2)CC3)CC4)C6CCC(OCC5CO5)CC6,COCCOCCOCCOCCOCCOCCOCCOCCOCCOCCOCCOCCN,96.46827574346656,96.46827574346656,0.0,0.0,24.299210909052935,24.299210909052935,0.0,0.0,105.61734008789062,24.20679473876953
113,CC(C)(C4CCC(OCC(O)COC3CCC(C(C)(C)C2CCC(OCC1CO1)CC2)CC3)CC4)C6CCC(OCC5CO5)CC6,COCCOCCOCCOCCOCCOCCOCCOCCOCCOCCOCCOCCOCCOCCOCCOCCOCCOCCOCCOCCOCCOCCOCCOCCOCCOCCOCCOCCOCCOCCOCCOCCOCCOCCOCCOCCOCCOCC(C)OCC(C)OCC(C)OCC(C)OCC(C)OCC(C)N,322.0623293269689,322.0623293269689,0.0,0.0,91.30373444920053,91.30373444920053,0.0,0.0,324.95166015625,91.19579315185547
114,CC(C)(C4CCC(OCC(O)COC3CCC(C(C)(C)C2CCC(OCC1CO1)CC2)CC3)CC4)C6CCC(OCC5CO5)CC6,NCCCOCCOCCCN,98.69507314328676,98.69507314328676,0.0,0.0,39.14695720202205,39.14695720202205,0.0,0.0,101.08453369140625,36.92869567871094
115,CC(C)(C4CCC(OCC(O)COC3CCC(C(C)(C)C2CCC(OCC1CO1)CC2)CC3)CC4)C6CCC(OCC5CO5)CC6,Nc2ccc(Cc1ccc(N)cc1)cc2,83.79058221569342,83.79058221569342,0.0,0.0,49.67101684155633,49.67101684155633,0.0,0.0,90.23127746582031,76.70863342285156
116,CC(C)(C4CCC(OCC(O)COC3CCC(C(C)(C)C2CCC(OCC1CO1)CC2)CC3)CC4)C6CCC(OCC5CO5)CC6,Nc2ccc(SSc1ccc(N)cc1)cc2,178.81009719057272,178.81009719057272,0.0,0.0,31.477116310605936,31.477116310605936,0.0,0.0,225.71511840820312,29.789051055908203
117,CC(C)(C4CCC(OCC(O)COC3CCC(C(C)(C)C2CCC(OCC1CO1)CC2)CC3)CC4)C6CCC(OCC5CO5)CC6,Nc2cccc(S(=O)(=O)c1cccc(N)c1)c2,148.31549240887787,148.31549240887787,0.0,0.0,41.9659822838402,41.9659822838402,0.0,0.0,151.42434692382812,31.795516967773438
118,CC(C)(c2ccc(OC1CO1)cc2)c4ccc(OC3CO3)cc4,CCC(COCC(C)COCC(C)N)(COCC(C)OCC(C)N)COCC(C)OCC(C)N,59.010095034520305,59.010095034520305,0.0,0.0,30.454802415513882,30.454802415513882,0.0,0.0,62.567649841308594,30.841102600097656
119,CC(C)(c2ccc(OC1CO1)cc2)c4ccc(OC3CO3)cc4,CCCCCCCCCN,46.28531026366325,46.28531026366325,0.0,0.0,11.865177455066593,11.865177455066593,0.0,0.0,45.256431579589844,11.286008834838867
120,CC(C)(c2ccc(OC1CO1)cc2)c4ccc(OC3CO3)cc4,NCc1cccc(CN)c1,108.7892014292223,108.7892014292223,0.0,0.0,35.84144553732127,35.84144553732127,0.0,0.0,113.6156234741211,31.192943572998047
121,CC(C)(c2ccc(OC1CO1)cc2)c4ccc(OC3CO3)cc4,Nc1cccc(N)c1,138.64016986087987,138.64016986087987,0.0,0.0,23.46390693884899,23.46390693884899,0.0,0.0,155.46739196777344,31.865114212036133
122,CC(C)(c2ccc(OCC1CO1)cc2)c4ccc(OCC3CO3)cc4,CC(N)COCC(C)OCC(C)OCC(C)OCC(C)OCC(C)OCC(C)OCCOCCOCCOCCOCCOCCOCCOCCOCCOCCOCCOCCOCCOCCOCCOCCOCCOCCOCCOCCOCCOCCOCCOCCOCCOCCOCCOCCOCC(C)OCC(C)OCC(C)OCC(C)OCC(C)N,286.72423780231406,286.72423780231406,0.0,0.0,83.9733687510308,83.9733687510308,0.0,0.0,289.1450500488281,83.1291275024414
123,CC(C)(c2ccc(OCC1CO1)cc2)c4ccc(OCC3CO3)cc4,CC1(C)CC(N)CC(C)(CN)C1,104.76645285553711,104.76645285553711,0.0,0.0,22.511666057248572,22.511666057248572,0.0,0.0,136.99452209472656,19.347002029418945
124,CC(C)(c2ccc(OCC1CO1)cc2)c4ccc(OCC3CO3)cc4,CCC(COCC(C)COCC(C)N)(COCC(C)OCC(C)N)COCC(C)OCC(C)N,57.92360184973756,57.92360184973756,0.0,0.0,31.31015032735241,31.31015032735241,0.0,0.0,62.700599670410156,31.144489288330078
125,CC(C)(c2ccc(OCC1CO1)cc2)c4ccc(OCC3CO3)cc4,CCCCCCCCCCCCN,77.47781000614087,77.47781000614087,0.0,0.0,14.54550037899388,14.54550037899388,0.0,0.0,78.1788558959961,14.880828857421875
126,CC(C)(c2ccc(OCC1CO1)cc2)c4ccc(OCC3CO3)cc4,CCc1cc(C)c(N)c(CC)c1N,125.69737213874052,125.69737213874052,0.0,0.0,17.600689961129984,17.600689961129984,0.0,0.0,134.46287536621094,18.858957290649414
127,CC(C)(c2ccc(OCC1CO1)cc2)c4ccc(OCC3CO3)cc4,COCCOCCOCCOCCOCCOCCOCCOCCOCCOCCOCCOCCOCCOCCOCCOCCOCCOCCOCCOCCOCCOCCOCCOCCOCCOCCOCCOCCOCCOCCOCCOCCOCCOCCOCCOCCOCCOCC(C)OCC(C)OCC(C)OCC(C)OCC(C)OCC(C)N,311.45950098068585,311.45950098068585,0.0,0.0,89.39965743309399,89.39965743309399,0.0,0.0,312.568115234375,88.10151672363281
128,CC(C)(c2ccc(OCC1CO1)cc2)c4ccc(OCC3CO3)cc4,Nc1cccc(N)c1,133.07595664601726,133.07595664601726,0.0,0.0,26.122660784661733,26.122660784661733,0.0,0.0,132.81610107421875,43.026275634765625
129,CC(C)(c2ccc(OCC1CO1)cc2)c4ccc(OCC3CO3)cc4,O=C(O)CCCCCCCCC(=O)O,54.015050125428715,54.015050125428715,0.0,0.0,21.767679777025965,21.767679777025965,0.0,0.0,44.241233825683594,11.352018356323242
130,CC(C)(c2ccc(OCCOCC1CO1)cc2)c4ccc(OCCOCC3CO3)cc4,CC(C)(C)N,165.15119433508224,165.15119433508224,0.0,0.0,54.29609934329649,54.29609934329649,0.0,0.0,163.06422424316406,52.14249801635742
131,CC(C)(c2ccc(OCCOCC1CO1)cc2)c4ccc(OCCOCC3CO3)cc4,CCCCCCCCCCN,52.170523358745875,52.170523358745875,0.0,0.0,12.348225090269251,12.348225090269251,0.0,0.0,57.895591735839844,13.091487884521484
132,CC(C)(c2ccc(OCCOCC1CO1)cc2)c4ccc(OCCOCC3CO3)cc4,Nc2cccc(S(=O)(=O)c1cccc(N)c1)c2,194.68565474713634,194.68565474713634,0.0,0.0,34.133123113515325,34.133123113515325,0.0,0.0,192.91197204589844,33.860042572021484
133,CC(C)(c2ccc(OCCOCCOCCOC1CO1)cc2)c4ccc(OCCOCCOCCC3CO3)cc4,CC(N)COCC(C)OCC(C)OCC(C)N,54.450312528160374,54.450312528160374,0.0,0.0,16.433440294106777,16.433440294106777,0.0,0.0,42.496856689453125,9.080777168273926
134,CC(C)(c2ccc(OCCOCCOCCOC1CO1)cc2)c4ccc(OCCOCCOCCC3CO3)cc4,CC(N)COCC(C)OCC(C)OCC(C)OCCOCCOCCOCCOCCOCCOCCOCCOCCOCCOCCOCCOCC(C)OCC(C)OCC(C)N,195.1357283872828,195.1357283872828,0.0,0.0,31.633144077578272,31.633144077578272,0.0,0.0,197.17654418945312,31.31991195678711
135,CC(C)(c2ccc(OCCOCCOCCOC1CO1)cc2)c4ccc(OCCOCCOCCC3CO3)cc4,NCCOCCOCCN,52.189812930895954,52.189812930895954,0.0,0.0,19.0569163744104,19.0569163744104,0.0,0.0,46.657127380371094,20.41991424560547
136,CC(C)(c2ccc(OCCOCCOCCOC1CO1)cc2)c4ccc(OCCOCCOCCC3CO3)cc4,Nc2ccc(SSc1ccc(N)cc1)cc2,208.86065338244708,208.86065338244708,0.0,0.0,37.506844869714385,37.506844869714385,0.0,0.0,210.2404022216797,37.50529479980469
137,CC(C)(c2ccc(OCCOCCOCCOCC1CO1)cc2)c4ccc(OCCOCCOCCOCC3CO3)cc4,CC(CN)CCCN,67.17007130854583,67.17007130854583,0.0,0.0,26.307020581076767,26.307020581076767,0.0,0.0,68.40287017822266,26.163902282714844
138,CC(C)(c2ccc(OCCOCCOCCOCC1CO1)cc2)c4ccc(OCCOCCOCCOCC3CO3)cc4,CC(N)COCC(C)OCC(C)OCC(C)N,57.923334225831304,57.923334225831304,0.0,0.0,18.140693576949896,18.140693576949896,0.0,0.0,38.13179016113281,9.411123275756836
139,CC(C)(c2ccc(OCCOCCOCCOCC1CO1)cc2)c4ccc(OCCOCCOCCOCC3CO3)cc4,COCCOCCOCCOCCOCCOCCOCCOCCOCCOCCOCCOCCN,97.13170005568809,97.13170005568809,0.0,0.0,25.720043662768934,25.720043662768934,0.0,0.0,102.94182586669922,25.07186508178711
140,CC(C)(c2ccc(OCCOCCOCCOCC1CO1)cc2)c4ccc(OCCOCCOCCOCC3CO3)cc4,COCCOCCOCCOCCOCCOCCOCCOCCOCCOCCOCCOCCOCCOCCOCCOCCOCCOCCOCCOCCOCCOCCOCCOCCOCCOCCOCCOCCOCCOCCOCCOCCOCCOCC(C)OCC(C)OCC(C)OCC(C)OCC(C)OCC(C)OCC(C)OCC(C)OCC(C)OCC(C)N,306.61585289787354,306.61585289787354,0.0,0.0,91.7627750124512,91.7627750124512,0.0,0.0,306.43994140625,91.85810852050781
141,CC(C)(c2ccc(OCCOCCOCCOCC1CO1)cc2)c4ccc(OCCOCCOCCOCC3CO3)cc4,NCCCOCCOCCCN,41.667744613840775,41.667744613840775,0.0,0.0,15.699201262405396,15.699201262405396,0.0,0.0,55.278194427490234,13.37624740600586
142,CC(C)(c4ccc(OCC(O)COc3ccc(C(C)(C)c2ccc(OCC1CO1)cc2)cc3)cc4)c6ccc(OCC5CO5)cc6,CCCCCCCCCN,57.31657774317466,57.31657774317466,0.0,0.0,15.540485119785302,15.540485119785302,0.0,0.0,60.742958068847656,14.282421112060547
143,CC(C)(c4ccc(OCC(O)COc3ccc(C(C)(C)c2ccc(OCC1CO1)cc2)cc3)cc4)c6ccc(OCC5CO5)cc6,COCCOCCOCCOCCOCCOCCOCCOCCOCCOCCOCCOCCOCCOCCOCCOCCOCCOCCOCCOCCOCCOCCOCCOCCOCCOCCOCCOCCOCCOCCOCCOCCOCCOCC(C)OCC(C)OCC(C)OCC(C)OCC(C)OCC(C)OCC(C)OCC(C)OCC(C)OCC(C)N,302.5160742134167,302.5160742134167,0.0,0.0,91.42083863091389,91.42083863091389,0.0,0.0,301.1182861328125,90.9044189453125
144,CC(C)(c4ccc(OCC(O)COc3ccc(C(C)(C)c2ccc(OCC1CO1)cc2)cc3)cc4)c6ccc(OCC5CO5)cc6,NCCOCCOCCN,98.46896409134216,98.46896409134216,0.0,0.0,62.998942490919134,62.998942490919134,0.0,0.0,136.4220733642578,107.1959457397461
145,CC(C)(c4ccc(OCC(O)COc3ccc(C(C)(C)c2ccc(OCC1CO1)cc2)cc3)cc4)c6ccc(OCC5CO5)cc6,Nc2ccc(SSc1ccc(N)cc1)cc2,188.5562594258008,188.5562594258008,0.0,0.0,35.14278104963298,35.14278104963298,0.0,0.0,217.7430419921875,35.253360748291016
146,CC(C/C=C\CC(=O)OCC(O)COc3ccc(C(C)(C)c2ccc(OCC1CO1)cc2)cc3)C(=O)OCC(O)COc6ccc(C(C)(C)c5ccc(OCC4CO4)cc5)cc6,CCC(COCC(C)COCC(C)N)(COCC(C)OCC(C)N)COCC(C)OCC(C)N,58.714283056480575,58.714283056480575,0.0,0.0,27.83884566735138,27.83884566735138,0.0,0.0,59.573951721191406,32.867088317871094
147,CC(C/C=C\CC(=O)OCC(O)COc3ccc(C(C)(C)c2ccc(OCC1CO1)cc2)cc3)C(=O)OCC(O)COc6ccc(C(C)(C)c5ccc(OCC4CO4)cc5)cc6,CCCCCCCCCN,48.024874773223615,48.024874773223615,0.0,0.0,17.227148723872176,17.227148723872176,0.0,0.0,41.28710174560547,17.401960372924805
148,CC(C/C=C\CC(=O)OCC(O)COc3ccc(C(C)(C)c2ccc(OCC1CO1)cc2)cc3)C(=O)OCC(O)COc6ccc(C(C)(C)c5ccc(OCC4CO4)cc5)cc6,COCCOCCOCCOCCOCCOCCOCCOCCOCCOCCOCCOCCN,103.20831195699562,103.20831195699562,0.0,0.0,23.96081703643346,23.96081703643346,0.0,0.0,101.52909851074219,23.91417121887207
149,CC(C/C=C\CC(=O)OCC(O)COc3ccc(C(C)(C)c2ccc(OCC1CO1)cc2)cc3)C(=O)OCC(O)COc6ccc(C(C)(C)c5ccc(OCC4CO4)cc5)cc6,COCCOCCOCCOCCOCCOCCOCCOCCOCCOCCOCCOCCOCCOCCOCCOCCOCCOCCOCCOCCOCC(C)N,167.22761963212918,167.22761963212918,0.0,0.0,36.687005672945006,36.687005672945006,0.0,0.0,142.6857452392578,37.43508529663086
150,CC(C/C=C\CC(=O)OCC(O)COc3ccc(C(C)(C)c2ccc(OCC1CO1)cc2)cc3)C(=O)OCC(O)COc6ccc(C(C)(C)c5ccc(OCC4CO4)cc5)cc6,COCCOCCOCCOCCOCCOCCOCCOCCOCCOCCOCCOCCOCCOCCOCCOCCOCCOCCOCCOCCOCCOCCOCCOCCOCCOCCOCCOCCOCCOCCOCCOCCOCCOCCOCCOCCOCCOCC(C)OCC(C)OCC(C)OCC(C)OCC(C)OCC(C)N,311.21491397001256,311.21491397001256,0.0,0.0,90.30439046186456,90.30439046186456,0.0,0.0,313.1614990234375,89.305908203125
151,CC(C/C=C\CC(=O)OCC(O)COc3ccc(C(C)(C)c2ccc(OCC1CO1)cc2)cc3)C(=O)OCC(O)COc6ccc(C(C)(C)c5ccc(OCC4CO4)cc5)cc6,NCCNCCN(CCNCCC(CN)CCN)CCN(CCNCCN)CCN(CCN)CCN,130.00907113345227,130.00907113345227,0.0,0.0,28.82522331225551,28.82522331225551,0.0,0.0,106.40487670898438,20.77632713317871
152,CC(C/C=C\CC(=O)OCC(O)COc3ccc(C(C)(C)c2ccc(OCC1CO1)cc2)cc3)C(=O)OCC(O)COc6ccc(C(C)(C)c5ccc(OCC4CO4)cc5)cc6,NCc1cccc(CN)c1,69.53954639224938,69.53954639224938,0.0,0.0,51.001155150928994,51.001155150928994,0.0,0.0,171.86412048339844,182.2986602783203
153,CC(C/C=C\CC(=O)OCC(O)COc3ccc(C(C)(C)c2ccc(OCC1CO1)cc2)cc3)C(=O)OCC(O)COc6ccc(C(C)(C)c5ccc(OCC4CO4)cc5)cc6,Nc1cccc(N)c1,113.51667219606928,113.51667219606928,0.0,0.0,44.77752364425695,44.77752364425695,0.0,0.0,163.96279907226562,128.97256469726562
154,CC(C/C=C\CC(=O)OCC(O)COc3ccc(C(C)(C)c2ccc(OCC1CO1)cc2)cc3)C(=O)OCC(O)COc6ccc(C(C)(C)c5ccc(OCC4CO4)cc5)cc6,Nc2ccc(Cc1ccc(N)cc1)cc2,123.13996973972999,123.13996973972999,0.0,0.0,54.104714435211676,54.104714435211676,0.0,0.0,202.79652404785156,80.42472839355469
155,CC(COc3ccc(C(C)(C)c2ccc(OCC(C)OCC1CO1)cc2)cc3)OCC4CO4,CC(CN)CCCN,61.81978665391861,61.81978665391861,0.0,0.0,25.929955441486893,25.929955441486893,0.0,0.0,50.23750305175781,22.761232376098633
156,CC(COc3ccc(C(C)(C)c2ccc(OCC(C)OCC1CO1)cc2)cc3)OCC4CO4,CC(N)COCC(C)COCC(C)COCC(C)COCC(C)COCC(C)COCC(C)N,42.29148121179232,42.29148121179232,0.0,0.0,12.876436495293564,12.876436495293564,0.0,0.0,45.694881439208984,13.065542221069336
157,CC(COc3ccc(C(C)(C)c2ccc(OCC(C)OCC1CO1)cc2)cc3)OCC4CO4,CC1(C)CC(N)CC(C)(CN)C1,59.947842299630096,59.947842299630096,0.0,0.0,15.353063542017733,15.353063542017733,0.0,0.0,54.88507843017578,12.813835144042969
158,CC(COc3ccc(C(C)(C)c2ccc(OCC(C)OCC1CO1)cc2)cc3)OCC4CO4,CCC(COCC(C)OCC(C)N)(COCC(C)OCC(C)N)COCC(C)OCC(C)N,56.53986854720222,56.53986854720222,0.0,0.0,30.349513456512735,30.349513456512735,0.0,0.0,58.00177764892578,31.312774658203125
159,CC(COc3ccc(C(C)(C)c2ccc(OCC(C)OCC1CO1)cc2)cc3)OCC4CO4,COCCOCCOCCOCCOCCOCCOCCOCCOCCOCCOCCOCCOCCOCCOCCOCCOCCOCCOCCOCCOCC(C)N,139.68133979106042,139.68133979106042,0.0,0.0,33.8420566391542,33.8420566391542,0.0,0.0,131.05831909179688,36.03833770751953
160,CC(COc3ccc(C(C)(C)c2ccc(OCC(C)OCC1CO1)cc2)cc3)OCC4CO4,COCCOCCOCCOCCOCCOCCOCCOCCOCCOCCOCCOCCOCCOCCOCCOCCOCCOCCOCCOCCOCCOCCOCCOCCOCCOCCOCCOCCOCCOCCOCCOCCOCCOCCOCCOCCOCCOCC(C)OCC(C)OCC(C)OCC(C)OCC(C)OCC(C)N,313.82811243140065,313.82811243140065,0.0,0.0,86.23046179418816,86.23046179418816,0.0,0.0,312.36053466796875,88.64656066894531
161,CC(COc3ccc(C(C)(C)c2ccc(OCC(C)OCC1CO1)cc2)cc3)OCC4CO4,Nc2ccc(S(=O)(=O)c1ccc(N)cc1)cc2,190.39780760530613,190.39780760530613,0.0,0.0,27.886962715460328,27.886962715460328,0.0,0.0,199.54364013671875,29.094257354736328
162,CC(COc3ccc(C(C)(C)c2ccc(OCC(C)OCC1CO1)cc2)cc3)OCC4CO4,Nc2ccc(SSc1ccc(N)cc1)cc2,197.71289073907082,197.71289073907082,0.0,0.0,36.04733337418178,36.04733337418178,0.0,0.0,202.518310546875,41.63557434082031
163,CC(COc3ccc(C(C)(C)c2ccc(OCC(C)OCC1CO1)cc2)cc3)OCC4CO4,Nc2cccc(S(=O)(=O)c1cccc(N)c1)c2,180.0438222789826,180.0438222789826,0.0,0.0,30.284363370553905,30.284363370553905,0.0,0.0,183.59713745117188,30.891284942626953
164,CCCCCCCCC1OC1CCCCCCCC(=O)OCC(COC(=O)CCCCCCCC2OC2CC3OC3CC4OC4CC)OC(=O)CCCCCCCC5OC5CC6OC6CC7OC7CC,CC(N)COCC(C)OCC(C)OCC(C)OCC(C)OCC(C)OCC(C)OCCOCCOCCOCCOCCOCCOCCOCCOCCOCCOCCOCCOCCOCCOCCOCCOCCOCCOCCOCCOCCOCCOCCOCCOCCOCCOCCOCCOCC(C)OCC(C)OCC(C)OCC(C)OCC(C)N,308.1036045769616,308.1036045769616,0.0,0.0,85.18961109299377,85.18961109299377,0.0,0.0,312.14813232421875,88.62319946289062
165,CCCCCCCCC1OC1CCCCCCCC(=O)OCC(COC(=O)CCCCCCCC2OC2CC3OC3CC4OC4CC)OC(=O)CCCCCCCC5OC5CC6OC6CC7OC7CC,CC(N)COCC(C)OCC(C)OCC(C)OCCOCCOCCOCCOCCOCCOCCOCCOCCOCCOCCOCCOCC(C)OCC(C)OCC(C)N,170.67795836915246,170.67795836915246,0.0,0.0,31.63854190566758,31.63854190566758,0.0,0.0,192.65455627441406,37.84527587890625
166,CCCCCCCCC1OC1CCCCCCCC(=O)OCC(COC(=O)CCCCCCCC2OC2CC3OC3CC4OC4CC)OC(=O)CCCCCCCC5OC5CC6OC6CC7OC7CC,CC2=CCC1C(=O)OC(=O)C1C2,108.4364610495842,108.4364610495842,0.0,0.0,25.304872630101844,25.304872630101844,0.0,0.0,131.90261840820312,56.252662658691406
167,CCCCCCCCC1OC1CCCCCCCC(=O)OCC(COC(=O)CCCCCCCC2OC2CC3OC3CC4OC4CC)OC(=O)CCCCCCCC5OC5CC6OC6CC7OC7CC,NCCOCCOCCN,74.62177939005234,74.62177939005234,0.0,0.0,29.50075629537718,29.50075629537718,0.0,0.0,82.98756408691406,24.727453231811523
168,Cc3cc(c2cc(C)c(OCC1CO1)c(C(C)(C)C)c2)cc(C(C)(C)C)c3OCC4CO4,CCC(COCC(C)OCC(C)N)(COCC(C)OCC(C)N)COCC(C)OCC(C)N,149.2011327322952,149.2011327322952,0.0,0.0,92.89616765673019,92.89616765673019,0.0,0.0,165.8242645263672,86.6838607788086
169,Cc3cc(c2cc(C)c(OCC1CO1)c(C(C)(C)C)c2)cc(C(C)(C)C)c3OCC4CO4,CCCCCCCCCCCCCCCN,114.95288228742892,114.95288228742892,0.0,0.0,36.31476042136617,36.31476042136617,0.0,0.0,106.02394104003906,39.813316345214844
170,Cc3cc(c2cc(C)c(OCC1CO1)c(C(C)(C)C)c2)cc(C(C)(C)C)c3OCC4CO4,CCCCCCCCCCN,151.6501772407999,151.6501772407999,0.0,0.0,36.88376469929676,36.88376469929676,0.0,0.0,160.84423828125,34.16310119628906
171,Cc3cc(c2cc(C)c(OCC1CO1)c(C(C)(C)C)c2)cc(C(C)(C)C)c3OCC4CO4,NCc1cccc(CN)c1,146.23760504213465,146.23760504213465,0.0,0.0,42.28504535665171,42.28504535665171,0.0,0.0,178.0615234375,35.8455810546875
172,Cc3cc(c2cc(C)c(OCC1CO1)c(C)c2)cc(C)c3OCC4CO4,CC(N)COCC(C)OCC(C)OCC(C)OCCOCCOCCOCCOCCOCCOCCOCCOCCOCCOCCOCCOCC(C)OCC(C)OCC(C)N,186.6996025197873,186.6996025197873,0.0,0.0,31.473162336588928,31.473162336588928,0.0,0.0,184.9784393310547,30.662647247314453
173,Cc3cc(c2cc(C)c(OCC1CO1)c(C)c2)cc(C)c3OCC4CO4,CC1(C)CC(N)CC(C)(CN)C1,121.44849579744302,121.44849579744302,0.0,0.0,30.721870773611553,30.721870773611553,0.0,0.0,110.91323852539062,29.974945068359375
174,Cc3cc(c2cc(C)c(OCC1CO1)c(C)c2)cc(C)c3OCC4CO4,CCCCCCCCCCCCN,104.19521234251717,104.19521234251717,0.0,0.0,20.138256064359677,20.138256064359677,0.0,0.0,126.51348114013672,21.961423873901367
175,Cc3cc(c2cc(C)c(OCC1CO1)c(C)c2)cc(C)c3OCC4CO4,COCCOCCOCCOCCOCCOCCOCCOCCOCCOCCOCCOCCOCCOCCOCCOCCOCCOCCOCCOCCOCCOCCOCCOCCOCCOCCOCCOCCOCCOCCOCCOCCOCCOCC(C)OCC(C)OCC(C)OCC(C)OCC(C)OCC(C)OCC(C)OCC(C)OCC(C)OCC(C)N,301.57442200633756,301.57442200633756,0.0,0.0,89.64850833911643,89.64850833911643,0.0,0.0,301.36407470703125,90.59014129638672
176,Cc3cc(c2cc(C)c(OCC1CO1)c(C)c2)cc(C)c3OCC4CO4,NCCNCCN,164.43438023023245,164.43438023023245,0.0,0.0,78.44313910462263,78.44313910462263,0.0,0.0,164.47647094726562,79.03460693359375
177,Cc3cc(c2cc(C)c(OCC1CO1)c(C)c2)cc(C)c3OCC4CO4,NCCOCCOCCN,139.12240446104676,139.12240446104676,0.0,0.0,51.211381434102016,51.211381434102016,0.0,0.0,150.0061798095703,22.775554656982422
178,Cc3cc(c2cc(C)c(OCC1CO1)c(C)c2)cc(C)c3OCC4CO4,NCc1cccc(CN)c1,138.196848949883,138.196848949883,0.0,0.0,31.030645962731228,31.030645962731228,0.0,0.0,141.4049072265625,22.40087127685547
179,Cc3cc(c2cc(C)c(OCC1CO1)c(C)c2)cc(C)c3OCC4CO4,Nc2ccc(SSc1ccc(N)cc1)cc2,175.16290377077664,175.16290377077664,0.0,0.0,33.03940611589011,33.03940611589011,0.0,0.0,167.249267578125,39.509033203125
180,N#COc3ccc(CC2CCCC(Cc1ccc(OC#N)cc1)C2)cc3,CC(C)(c2ccc(OCC1CO1)cc2)c4ccc(OCC3CO3)cc4,126.92287833735098,126.92287833735098,0.0,0.0,25.517566937018966,25.517566937018966,0.0,0.0,135.04722595214844,20.867673873901367
181,Nc2ccc(Oc1ccc(N)cc1)cc2,CC(N)COCC(C)COCC(C)COCC(C)COCC(C)COCC(C)COCC(C)N,97.40512367723396,97.40512367723396,0.0,0.0,46.95248163605818,46.95248163605818,0.0,0.0,50.724220275878906,71.83808898925781
182,Nc2ccc(Oc1ccc(N)cc1)cc2,CCC(COCC(C)COCC(C)N)(COCC(C)OCC(C)N)COCC(C)OCC(C)N,141.92980895340227,141.92980895340227,0.0,0.0,107.6036394092091,107.6036394092091,0.0,0.0,170.09893798828125,139.8468780517578
183,Nc2ccc(Oc1ccc(N)cc1)cc2,CCCCCCCCCCCCN,69.05063495885763,69.05063495885763,0.0,0.0,12.961325878178624,12.961325878178624,0.0,0.0,78.51177215576172,14.514019012451172
184,Nc2ccc(Oc1ccc(N)cc1)cc2,CCCCCCCCCCN,46.55523338676453,46.55523338676453,0.0,0.0,11.813588029955039,11.813588029955039,0.0,0.0,55.31771469116211,12.207160949707031
185,Nc2ccc(Oc1ccc(N)cc1)cc2,NCCNCCN,169.67374664922863,169.67374664922863,0.0,0.0,39.44191923998496,39.44191923998496,0.0,0.0,184.91030883789062,84.68865966796875
186,Nc2ccc(Oc1ccc(N)cc1)cc2,NCCOCCOCCN,79.6189274328119,79.6189274328119,0.0,0.0,13.220362171216982,13.220362171216982,0.0,0.0,40.47618865966797,9.02865219116211
187,Nc2ccc(Oc1ccc(N)cc1)cc2,NCc1cccc(CN)c1,132.2561860179569,132.2561860179569,0.0,0.0,18.46726977193249,18.46726977193249,0.0,0.0,84.40743255615234,4.970457553863525
188,Nc2ccc(Oc1ccc(N)cc1)cc2,Nc1cccc(N)c1,122.16003156239343,122.16003156239343,0.0,0.0,19.521647081171547,19.521647081171547,0.0,0.0,95.91709899902344,7.587867259979248
189,Nc2ccc(Oc1ccc(N)cc1)cc2,Nc2ccc(Cc1ccc(N)cc1)cc2,116.99244864569798,116.99244864569798,0.0,0.0,27.629180425784327,27.629180425784327,0.0,0.0,86.41262817382812,22.74917221069336
190,Nc2ccc(SSc1ccc(N)cc1)cc2,C1OC1COC3COC4C(OC2CO2)COC34,51.73963337624001,51.73963337624001,0.0,0.0,41.91284181661426,41.91284181661426,0.0,0.0,59.89223098754883,78.80575561523438
191,O=C(OCC1CO1)C3CC2OC2CC3C(=O)OCC4CO4,CC(N)COCC(C)OCC(C)OCC(C)N,92.46287344314189,92.46287344314189,0.0,0.0,35.52378850124333,35.52378850124333,0.0,0.0,84.82412719726562,31.419921875
192,O=C(OCC1CO1)C3CC2OC2CC3C(=O)OCC4CO4,CC(N)COCC(C)OCC(C)OCC(C)OCCOCCOCCOCCOCCOCCOCCOCCOCCOCCOCCOCCOCC(C)OCC(C)OCC(C)N,193.05019413187503,193.05019413187503,0.0,0.0,31.371453349403915,31.371453349403915,0.0,0.0,180.6536102294922,30.400737762451172
193,O=C(OCC1CO1)C3CC2OC2CC3C(=O)OCC4CO4,CCC(COCC(C)COCC(C)N)(COCC(C)OCC(C)N)COCC(C)OCC(C)N,55.56742858500737,55.56742858500737,0.0,0.0,28.628696385953745,28.628696385953745,0.0,0.0,53.705997467041016,27.969572067260742
194,O=C(OCC1CO1)C3CC2OC2CC3C(=O)OCC4CO4,CCCCCCCCCCCCN,62.637632502426726,62.637632502426726,0.0,0.0,20.171812201099847,20.171812201099847,0.0,0.0,56.961143493652344,15.272216796875
195,O=C(OCC1CO1)C3CC2OC2CC3C(=O)OCC4CO4,CCc1cc(C)c(N)c(CC)c1N,72.36236248976672,72.36236248976672,0.0,0.0,40.987410801483705,40.987410801483705,0.0,0.0,78.09480285644531,41.742794036865234
196,O=C(OCC1CO1)C3CC2OC2CC3C(=O)OCC4CO4,Nc1cccc(N)c1,100.28148313703628,100.28148313703628,0.0,0.0,59.402112060896684,59.402112060896684,0.0,0.0,135.81246948242188,96.14791870117188
197,O=C(OCC1CO1)C3CC2OC2CC3C(=O)OCC4CO4,Nc2ccc(Cc1ccc(N)cc1)cc2,86.39642659595576,86.39642659595576,0.0,0.0,75.91255203280522,75.91255203280522,0.0,0.0,89.89744567871094,65.78514099121094
198,c1ccc3c(c1)c2ccccc2C3(c5ccc(OCCOCC4CO4)cc5)c7ccc(OCCOCC6CO6)cc7,CC(N)COCC(C)OCC(C)OCC(C)OCC(C)OCC(C)OCC(C)N,39.2109458772173,39.2109458772173,0.0,0.0,12.763151209818606,12.763151209818606,0.0,0.0,27.66094207763672,11.430658340454102
199,c1ccc3c(c1)c2ccccc2C3(c5ccc(OCCOCC4CO4)cc5)c7ccc(OCCOCC6CO6)cc7,COCCOCCOCCOCCOCCOCCOCCOCCOCCOCCOCCOCCOCCOCCOCCOCCOCCOCCOCCOCCOCCOCCOCCOCCOCCOCCOCCOCCOCCOCCOCCOCCOCCOCC(C)OCC(C)OCC(C)OCC(C)OCC(C)OCC(C)OCC(C)OCC(C)OCC(C)OCC(C)N,303.6073628443246,303.6073628443246,0.0,0.0,91.05520572062062,91.05520572062062,0.0,0.0,303.36932373046875,90.48175048828125
200,c1ccc3c(c1)c2ccccc2C3(c5ccc(OCCOCC4CO4)cc5)c7ccc(OCCOCC6CO6)cc7,NCCCOCCOCCCN,57.155321938462706,57.155321938462706,0.0,0.0,17.67580985562798,17.67580985562798,0.0,0.0,66.48941040039062,18.568998336791992
201,c1ccc3c(c1)c2ccccc2C3(c5ccc(OCCOCC4CO4)cc5)c7ccc(OCCOCC6CO6)cc7,NCCNCCN(CCNCCC(CN)CCN)CCN(CCNCCN)CCN(CCN)CCN,125.35969098525486,125.35969098525486,0.0,0.0,25.68390196910006,25.68390196910006,0.0,0.0,133.5641632080078,21.20282745361328
202,c1ccc3c(c1)c2ccccc2C3(c5ccc(OCCOCC4CO4)cc5)c7ccc(OCCOCC6CO6)cc7,Nc2ccc(Cc1ccc(N)cc1)cc2,105.09900697442917,105.09900697442917,0.0,0.0,27.51884860344007,27.51884860344007,0.0,0.0,83.91604614257812,25.89731788635254
203,c2cc(OCC1CO1)ccc2Cc4ccc(OCC3CO3)cc4,CC(N)COCC(C)OCC(C)OCC(C)OCC(C)OCC(C)OCC(C)OCCOCCOCCOCCOCCOCCOCCOCCOCCOCCOCCOCCOCCOCCOCCOCCOCCOCCOCCOCCOCCOCCOCCOCCOCCOCCOCCOCCOCC(C)OCC(C)OCC(C)OCC(C)OCC(C)N,285.41608498517337,285.41608498517337,0.0,0.0,83.22017477914778,83.22017477914778,0.0,0.0,288.4632568359375,82.94977569580078
204,c2cc(OCC1CO1)ccc2Cc4ccc(OCC3CO3)cc4,CC(N)COCC(C)OCC(C)OCC(C)OCCOCCOCCOCCOCCOCCOCCOCCOCCOCCOCCOCCOCC(C)OCC(C)OCC(C)N,187.82768110656286,187.82768110656286,0.0,0.0,30.643794515920384,30.643794515920384,0.0,0.0,183.77349853515625,30.291296005249023
205,c2cc(OCC1CO1)ccc2Cc4ccc(OCC3CO3)cc4,CCCCCCCCCCCCN,77.59275044437042,77.59275044437042,0.0,0.0,14.092675365332912,14.092675365332912,0.0,0.0,77.64364624023438,14.605997085571289
206,c2cc(OCC1CO1)ccc2Cc4ccc(OCC3CO3)cc4,CCc1cc(C)c(N)c(CC)c1N,124.9584434106872,124.9584434106872,0.0,0.0,26.734621794155355,26.734621794155355,0.0,0.0,153.51904296875,27.32998275756836
207,c2cc(OCC1CO1)ccc2Cc4ccc(OCC3CO3)cc4,NCCNCCN(CCNCCC(CN)CCN)CCN(CCNCCN)CCN(CCN)CCN,119.18277610710474,119.18277610710474,0.0,0.0,37.06174262414389,37.06174262414389,0.0,0.0,45.73046112060547,46.673274993896484
208,c2cc(OCC1CO1)ccc2Cc4ccc(OCC3CO3)cc4,NCc1cccc(CN)c1,120.67626151280268,120.67626151280268,0.0,0.0,37.77473773796202,37.77473773796202,0.0,0.0,140.62767028808594,27.938034057617188
209,c3cc(N(CC1CC1)CC2CO2)ccc3OCC4CO4,CC(N)COCC(C)OCC(C)OCC(C)N,124.51682465297836,124.51682465297836,0.0,0.0,55.83324410172887,55.83324410172887,0.0,0.0,115.82877349853516,68.80949401855469
210,c3cc(N(CC1CC1)CC2CO2)ccc3OCC4CO4,CC(N)COCC(C)OCC(C)OCC(C)OCC(C)OCC(C)OCC(C)OCCOCCOCCOCCOCCOCCOCCOCCOCCOCCOCCOCCOCCOCCOCCOCCOCCOCCOCCOCCOCCOCCOCCOCCOCCOCCOCCOCCOCC(C)OCC(C)OCC(C)OCC(C)OCC(C)N,291.0652120404211,291.0652120404211,0.0,0.0,85.40275018628623,85.40275018628623,0.0,0.0,290.95465087890625,83.5199966430664
211,c3cc(N(CC1CC1)CC2CO2)ccc3OCC4CO4,CCCCCCCCCCCCCCCN,90.98548629098613,90.98548629098613,0.0,0.0,16.727565502165653,16.727565502165653,0.0,0.0,87.0798568725586,16.361228942871094
212,c3cc(N(CC1CC1)CC2CO2)ccc3OCC4CO4,COCCOCCOCCOCCOCCOCCOCCOCCOCCOCCOCCOCCOCCOCCOCCOCCOCCOCCOCCOCCOCCOCCOCCOCCOCCOCCOCCOCCOCCOCCOCCOCCOCCOCCOCCOCCOCCOCC(C)OCC(C)OCC(C)OCC(C)OCC(C)OCC(C)N,314.9649466470068,314.9649466470068,0.0,0.0,87.13333029973872,87.13333029973872,0.0,0.0,315.3647766113281,88.45952606201172
213,c3cc(N(CC1CC1)CC2CO2)ccc3OCC4CO4,Nc2ccc(Cc1ccc(N)cc1)cc2,202.66331019783308,202.66331019783308,0.0,0.0,45.191809880263506,45.191809880263506,0.0,0.0,227.80194091796875,56.737449645996094
214,c3cc(N(CC1CC1)CC2CO2)ccc3OCC4CO4,Nc2ccc(S(=O)(=O)c1ccc(N)cc1)cc2,274.8167720286373,274.8167720286373,0.0,0.0,44.22972868484598,44.22972868484598,0.0,0.0,255.83485412597656,44.8617057800293
215,c3cc(N(CC1CC1)CC2CO2)ccc3OCC4CO4,Nc2ccc(SSc1ccc(N)cc1)cc2,217.94397147882202,217.94397147882202,0.0,0.0,48.05393286619642,48.05393286619642,0.0,0.0,258.90875244140625,46.356407165527344
216,c3cc(N(CC1CO1)CC2CO2)ccc3Cc6ccc(N(CC4CO4)CC5CO5)cc6,CC(CN)CCCN,127.452111524248,127.452111524248,0.0,0.0,52.48180914360252,52.48180914360252,0.0,0.0,157.09390258789062,58.841156005859375
217,c3cc(N(CC1CO1)CC2CO2)ccc3Cc6ccc(N(CC4CO4)CC5CO5)cc6,CC(N)COCC(C)OCC(C)OCC(C)OCC(C)OCC(C)OCC(C)OCCOCCOCCOCCOCCOCCOCCOCCOCCOCCOCCOCCOCCOCCOCCOCCOCCOCCOCCOCCOCCOCCOCCOCCOCCOCCOCCOCCOCC(C)OCC(C)OCC(C)OCC(C)OCC(C)N,288.7184604899002,288.7184604899002,0.0,0.0,85.12994571665098,85.12994571665098,0.0,0.0,290.4170837402344,83.48394775390625
218,c3cc(N(CC1CO1)CC2CO2)ccc3Cc6ccc(N(CC4CO4)CC5CO5)cc6,CCC(COCC(C)COCC(C)N)(COCC(C)OCC(C)N)COCC(C)OCC(C)N,59.55327269189478,59.55327269189478,0.0,0.0,29.657310817503365,29.657310817503365,0.0,0.0,59.48586654663086,29.464458465576172
219,c3cc(N(CC1CO1)CC2CO2)ccc3Cc6ccc(N(CC4CO4)CC5CO5)cc6,NCCNCCN,134.06647727625545,134.06647727625545,0.0,0.0,78.31043473382381,78.31043473382381,0.0,0.0,172.39501953125,118.13943481445312
220,c3cc(N(CC1CO1)CC2CO2)ccc3OCC4CO4,CC(N)COCC(C)OCC(C)OCC(C)OCCOCCOCCOCCOCCOCCOCCOCCOCCOCCOCCOCCOCC(C)OCC(C)OCC(C)N,190.67377260461052,190.67377260461052,0.0,0.0,31.07897056108748,31.07897056108748,0.0,0.0,193.57891845703125,30.363025665283203
221,c3cc(N(CC1CO1)CC2CO2)ccc3OCC4CO4,CCC(COCC(C)OCC(C)N)(COCC(C)OCC(C)N)COCC(C)OCC(C)N,67.34304407385096,67.34304407385096,0.0,0.0,33.45286840132044,33.45286840132044,0.0,0.0,64.71863555908203,34.724788665771484
222,c3cc(N(CC1CO1)CC2CO2)ccc3OCC4CO4,NCCNCCN(CCNCCC(CN)CCN)CCN(CCNCCN)CCN(CCN)CCN,142.8125309985946,142.8125309985946,0.0,0.0,81.91657848331583,81.91657848331583,0.0,0.0,134.1384735107422,91.14617919921875
223,c3cc(N(CC1CO1)CC2CO2)ccc3OCC4CO4,Nc2ccc(SSc1ccc(N)cc1)cc2,197.44396971410126,197.44396971410126,0.0,0.0,38.20991861545027,38.20991861545027,0.0,0.0,205.30007934570312,41.796566009521484
SUMMARY,"Tg Max Diff: 0.0000000000, Mean Diff: 0.0000000000, Identical: True","Er Max Diff: 0.0000000000, Mean Diff: 0.0000000000, Identical: True",Tg Comparison,,,,Er Comparison,,,,,
